,sobel_above,sobel_below,percentage_colored,label
0,-0.875,1.0,0.18,line
1,-0.875,1.0,0.18,line
2,-0.875,1.0,0.17888888888888888,line
3,-0.875,1.0,0.17888888888888888,line
4,-0.875,1.0,0.18,line
5,-0.875,1.0,0.1811111111111111,line
6,-0.875,1.0,0.18222222222222223,line
7,-0.875,1.0,0.18222222222222223,line
8,-0.875,1.0,0.18222222222222223,line
9,-0.875,1.0,0.18222222222222223,line
10,-0.875,1.0,0.1811111111111111,line
11,-0.875,1.0,0.1811111111111111,line
12,-0.875,1.0,0.18,line
13,-0.875,1.0,0.17777777777777778,line
14,-0.875,1.0,0.17777777777777778,line
15,-0.875,1.0,0.1811111111111111,line
16,-0.875,1.0,0.18222222222222223,line
17,-0.875,1.0,0.18333333333333332,line
18,-0.875,1.0,0.18666666666666668,line
19,-0.875,1.0,0.18888888888888888,line
20,-0.875,1.0,0.19111111111111112,line
21,-0.875,1.0,0.1922222222222222,line
22,-0.875,1.0,0.19444444444444445,line
23,-0.875,1.0,0.19555555555555557,line
24,-0.875,1.0,0.19777777777777777,line
25,-0.875,1.0,0.19777777777777777,line
26,-0.875,1.0,0.1988888888888889,line
27,-0.875,1.0,0.19666666666666666,line
28,-0.875,1.0,0.19666666666666666,line
29,-0.875,1.0,0.2,line
30,-0.875,1.0,0.20222222222222222,line
31,-0.875,1.0,0.20222222222222222,line
32,-0.875,1.0,0.20444444444444446,line
33,-0.875,1.0,0.20666666666666667,line
34,-0.875,1.0,0.20555555555555555,line
35,-0.875,1.0,0.20222222222222222,line
36,-0.875,1.0,0.1988888888888889,line
37,-0.875,1.0,0.19777777777777777,line
38,-0.875,1.0,0.2,line
39,-0.875,1.0,0.2011111111111111,line
40,-0.875,1.0,0.2011111111111111,line
41,-0.875,1.0,0.2011111111111111,line
42,-0.875,1.0,0.19777777777777777,line
43,-0.875,1.0,0.19666666666666666,line
44,-0.875,1.0,0.19666666666666666,line
45,-0.875,1.0,0.19666666666666666,line
46,-0.875,1.0,0.19555555555555557,line
47,-0.875,1.0,0.19555555555555557,line
48,-0.875,1.0,0.19333333333333333,line
49,-0.875,1.0,0.19555555555555557,line
50,-0.875,1.0,0.19333333333333333,line
51,-0.875,1.0,0.19333333333333333,line
52,-0.875,1.0,0.19444444444444445,line
53,-0.875,1.0,0.19444444444444445,line
54,-0.875,1.0,0.1922222222222222,line
55,-0.875,1.0,0.1922222222222222,line
56,-0.875,1.0,0.19,line
57,-0.875,1.0,0.18888888888888888,line
58,-0.875,1.0,0.18888888888888888,line
59,-0.875,1.0,0.18666666666666668,line
60,-0.875,1.0,0.18666666666666668,line
61,-0.875,1.0,0.18666666666666668,line
62,-0.875,1.0,0.18666666666666668,line
63,-0.875,1.0,0.18666666666666668,line
64,-0.875,1.0,0.18666666666666668,line
65,-0.875,1.0,0.18888888888888888,line
66,-0.875,1.0,0.19111111111111112,line
67,-0.875,1.0,0.19,line
68,-0.875,1.0,0.18666666666666668,line
69,-0.875,1.0,0.18555555555555556,line
70,-0.875,1.0,0.18666666666666668,line
71,-0.875,1.0,0.18888888888888888,line
72,-0.875,1.0,0.19,line
73,-0.875,1.0,0.18666666666666668,line
74,-0.875,1.0,0.18222222222222223,line
75,-0.875,1.0,0.17777777777777778,line
76,-0.875,1.0,0.17666666666666667,line
77,-0.875,1.0,0.17777777777777778,line
78,-0.875,1.0,0.17888888888888888,line
79,-0.875,1.0,0.17888888888888888,line
80,-0.875,1.0,0.18444444444444444,line
81,-0.875,1.0,0.18555555555555556,line
82,-0.875,1.0,0.18666666666666668,line
83,-0.875,1.0,0.19555555555555557,line
84,-0.875,1.0,0.19555555555555557,line
85,-0.875,1.0,0.19444444444444445,line
86,-0.875,1.0,0.19333333333333333,line
87,-0.875,1.0,0.19,line
88,-0.875,1.0,0.18555555555555556,line
89,-0.875,1.0,0.1811111111111111,line
90,-0.875,1.0,0.17666666666666667,line
91,-0.875,1.0,0.17666666666666667,line
92,-0.875,1.0,0.17666666666666667,line
93,-0.875,1.0,0.17555555555555555,line
94,-0.875,1.0,0.17444444444444446,line
95,-0.875,1.0,0.1711111111111111,line
96,-0.875,1.0,0.17222222222222222,line
97,-0.875,1.0,0.17555555555555555,line
98,-0.875,1.0,0.17777777777777778,line
99,-0.875,1.0,0.17555555555555555,line
100,-0.875,1.0,0.17333333333333334,line
101,-0.875,1.0,0.1711111111111111,line
102,-0.875,1.0,0.16666666666666666,line
103,-0.875,1.0,0.16444444444444445,line
104,-0.875,1.0,0.16333333333333333,line
105,-0.875,1.0,0.16333333333333333,line
106,-0.875,1.0,0.16333333333333333,line
107,-0.875,1.0,0.16444444444444445,line
108,-0.875,1.0,0.16444444444444445,line
109,-0.875,1.0,0.16555555555555557,line
110,-0.875,1.0,0.17,line
111,-0.875,1.0,0.17555555555555555,line
112,-0.875,1.0,0.18,line
113,-0.875,1.0,0.18333333333333332,line
114,-0.875,1.0,0.18555555555555556,line
115,-0.875,1.0,0.18666666666666668,line
116,-0.875,1.0,0.18555555555555556,line
117,-0.875,1.0,0.18666666666666668,line
118,-0.875,1.0,0.18555555555555556,line
119,-0.875,1.0,0.18666666666666668,line
120,-0.875,1.0,0.18666666666666668,line
121,-0.875,1.0,0.18555555555555556,line
122,-0.875,1.0,0.18555555555555556,line
123,-0.875,1.0,0.18666666666666668,line
124,-0.875,1.0,0.18777777777777777,line
125,-0.875,1.0,0.18777777777777777,line
126,-0.875,1.0,0.18666666666666668,line
127,-0.875,1.0,0.18666666666666668,line
128,-0.875,1.0,0.18777777777777777,line
129,-0.875,1.0,0.18888888888888888,line
130,-0.875,1.0,0.18888888888888888,line
131,-0.875,1.0,0.18555555555555556,line
132,-0.875,1.0,0.18666666666666668,line
133,-0.875,1.0,0.18888888888888888,line
134,-0.875,1.0,0.18888888888888888,line
135,-0.875,1.0,0.18777777777777777,line
136,-0.875,1.0,0.18666666666666668,line
137,-0.875,1.0,0.18777777777777777,line
138,-0.875,1.0,0.18888888888888888,line
139,-0.875,1.0,0.18777777777777777,line
140,-0.875,1.0,0.18444444444444444,line
141,-0.875,1.0,0.18222222222222223,line
142,-0.875,1.0,0.18,line
143,-0.875,1.0,0.17888888888888888,line
144,-0.875,1.0,0.17888888888888888,line
145,-0.875,1.0,0.17777777777777778,line
146,-0.875,1.0,0.18,line
147,-0.875,1.0,0.18,line
148,-0.875,1.0,0.18222222222222223,line
149,-0.875,1.0,0.18444444444444444,line
150,-0.875,1.0,0.18666666666666668,line
151,-0.875,1.0,0.18777777777777777,line
152,-0.875,1.0,0.18888888888888888,line
153,-0.875,1.0,0.18666666666666668,line
154,-0.875,1.0,0.18666666666666668,line
155,-0.875,1.0,0.18777777777777777,line
156,-0.875,1.0,0.1922222222222222,line
157,-0.875,1.0,0.18888888888888888,line
158,-0.875,1.0,0.18555555555555556,line
159,-0.875,1.0,0.18666666666666668,line
160,-0.875,1.0,0.18888888888888888,line
161,-0.875,1.0,0.19,line
162,-0.875,1.0,0.18777777777777777,line
163,-0.875,1.0,0.18555555555555556,line
164,-0.875,1.0,0.18555555555555556,line
165,-0.875,1.0,0.18666666666666668,line
166,-0.875,1.0,0.19,line
167,-0.875,1.0,0.1922222222222222,line
168,-0.875,1.0,0.19444444444444445,line
169,-0.875,1.0,0.19666666666666666,line
170,-0.875,1.0,0.2,line
171,-0.875,1.0,0.1988888888888889,line
172,-0.875,1.0,0.19777777777777777,line
173,-0.875,1.0,0.19777777777777777,line
174,-0.875,1.0,0.19777777777777777,line
175,-0.875,1.0,0.19666666666666666,line
176,-0.875,1.0,0.19555555555555557,line
177,-0.875,1.0,0.19555555555555557,line
178,-0.875,1.0,0.19555555555555557,line
179,-0.875,1.0,0.19666666666666666,line
180,-0.875,1.0,0.19666666666666666,line
181,-0.875,1.0,0.19666666666666666,line
182,-0.875,1.0,0.19777777777777777,line
183,-0.875,1.0,0.1988888888888889,line
184,-0.875,1.0,0.2,line
185,-0.875,1.0,0.2011111111111111,line
186,-0.875,1.0,0.2,line
187,-0.875,1.0,0.19666666666666666,line
188,-0.875,1.0,0.19444444444444445,line
189,-0.875,1.0,0.1922222222222222,line
190,-0.875,1.0,0.19,line
191,-0.875,1.0,0.18777777777777777,line
192,-0.875,1.0,0.18666666666666668,line
193,-0.875,1.0,0.18333333333333332,line
194,-0.875,1.0,0.18,line
195,-0.875,1.0,0.17555555555555555,line
196,-0.875,1.0,0.17333333333333334,line
197,-0.875,1.0,0.1711111111111111,line
198,-0.875,1.0,0.1711111111111111,line
199,-0.875,1.0,0.1711111111111111,line
200,-0.875,1.0,0.23666666666666666,line
201,-0.875,1.0,0.2511111111111111,line
202,-0.875,1.0,0.2611111111111111,line
203,-0.875,1.0,0.27666666666666667,line
204,-0.875,1.0,0.29,line
205,-0.875,1.0,0.3,line
206,-0.875,1.0,0.3233333333333333,line
207,-0.875,1.0,0.3233333333333333,drawing
208,-0.875,1.0,0.3244444444444444,drawing
209,-0.875,1.0,0.32555555555555554,drawing
210,-0.875,1.0,0.3277777777777778,drawing
211,-0.875,1.0,0.32666666666666666,drawing
212,-0.875,1.0,0.32666666666666666,drawing
213,-0.875,1.0,0.32666666666666666,drawing
214,-0.875,1.0,0.32555555555555554,drawing
215,-0.875,1.0,0.3244444444444444,drawing
216,-0.875,1.0,0.3244444444444444,drawing
217,-0.875,1.0,0.17777777777777778,line
218,-0.875,1.0,0.17777777777777778,line
219,-0.875,1.0,0.1811111111111111,line
220,-0.875,1.0,0.18555555555555556,line
221,-0.875,1.0,0.18777777777777777,line
222,-0.875,1.0,0.18888888888888888,line
223,-0.875,1.0,0.18888888888888888,line
224,-0.875,1.0,0.19,line
225,-0.875,1.0,0.1922222222222222,line
226,-0.875,1.0,0.19333333333333333,line
227,-0.875,1.0,0.19444444444444445,line
228,-0.875,1.0,0.19444444444444445,line
229,-0.875,1.0,0.19333333333333333,line
230,-0.875,1.0,0.19333333333333333,line
231,-0.875,1.0,0.19333333333333333,line
232,-0.875,1.0,0.1922222222222222,line
233,-0.875,1.0,0.19111111111111112,line
234,-0.875,1.0,0.19444444444444445,line
235,-0.875,1.0,0.19666666666666666,line
236,-0.875,1.0,0.1988888888888889,line
237,-0.875,1.0,0.19777777777777777,line
238,-0.875,1.0,0.19666666666666666,line
239,-0.875,1.0,0.19555555555555557,line
240,-0.875,1.0,0.19333333333333333,line
241,-0.875,1.0,0.1922222222222222,line
242,-0.875,1.0,0.19,line
243,-0.875,1.0,0.18888888888888888,line
244,-0.875,1.0,0.18777777777777777,line
245,-0.875,1.0,0.18888888888888888,line
246,-0.875,1.0,0.18777777777777777,line
247,-0.875,1.0,0.18666666666666668,line
248,-0.875,1.0,0.18666666666666668,line
249,-0.875,1.0,0.18666666666666668,line
250,-0.875,1.0,0.18555555555555556,line
251,-0.875,1.0,0.18444444444444444,line
252,-0.875,1.0,0.18333333333333332,line
253,-0.875,1.0,0.18444444444444444,line
254,-0.875,1.0,0.18555555555555556,line
255,-0.875,1.0,0.18666666666666668,line
256,-0.875,1.0,0.18666666666666668,line
257,-0.875,1.0,0.18777777777777777,line
258,-0.875,1.0,0.19,line
259,-0.875,1.0,0.19111111111111112,line
260,-0.875,1.0,0.1922222222222222,line
261,-0.875,1.0,0.1922222222222222,line
262,-0.875,1.0,0.1922222222222222,line
263,-0.875,1.0,0.19,line
264,-0.875,1.0,0.18777777777777777,line
265,-0.875,1.0,0.18444444444444444,line
266,-0.875,1.0,0.1811111111111111,line
267,-0.875,1.0,0.17777777777777778,line
268,-0.875,1.0,0.17666666666666667,line
269,-0.875,1.0,0.17666666666666667,line
270,-0.875,1.0,0.17666666666666667,line
271,-0.875,1.0,0.17777777777777778,line
272,-0.875,1.0,0.17888888888888888,line
273,-0.875,1.0,0.1811111111111111,line
274,-0.875,1.0,0.18222222222222223,line
275,-0.875,1.0,0.18333333333333332,line
276,-0.875,1.0,0.18333333333333332,line
277,-0.875,1.0,0.18222222222222223,line
278,-0.875,1.0,0.1811111111111111,line
279,-0.875,1.0,0.1811111111111111,line
280,-0.875,1.0,0.17555555555555555,line
281,-0.875,1.0,0.17555555555555555,line
282,-0.875,1.0,0.17555555555555555,line
283,-0.875,1.0,0.17444444444444446,line
284,-0.875,1.0,0.17222222222222222,line
285,-0.875,1.0,0.1711111111111111,line
286,-0.875,1.0,0.17,line
287,-0.875,1.0,0.17,line
288,-0.875,1.0,0.17,line
289,-0.875,1.0,0.1711111111111111,line
290,-0.875,1.0,0.17222222222222222,line
291,-0.875,1.0,0.17444444444444446,line
292,-0.875,1.0,0.18,line
293,-0.875,1.0,0.18,line
294,-0.875,1.0,0.1811111111111111,line
295,-0.875,1.0,0.18222222222222223,line
296,-0.875,1.0,0.1811111111111111,line
297,-0.875,1.0,0.17888888888888888,line
298,-0.875,1.0,0.17555555555555555,line
299,-0.875,1.0,0.17222222222222222,line
300,-0.875,1.0,0.1711111111111111,line
301,-0.875,1.0,0.1711111111111111,line
302,-0.875,1.0,0.17,line
303,-0.875,1.0,0.1688888888888889,line
304,-0.875,1.0,0.1688888888888889,line
305,-0.875,1.0,0.17,line
306,-0.875,1.0,0.1711111111111111,line
307,-0.875,1.0,0.17555555555555555,line
308,-0.875,1.0,0.17777777777777778,line
309,-0.875,1.0,0.17888888888888888,line
310,-0.875,1.0,0.18,line
311,-0.875,1.0,0.1811111111111111,line
312,-0.875,1.0,0.18222222222222223,line
313,-0.875,1.0,0.18333333333333332,line
314,-0.875,1.0,0.18444444444444444,line
315,-0.875,1.0,0.18555555555555556,line
316,-0.875,1.0,0.18666666666666668,line
317,-0.875,1.0,0.18777777777777777,line
318,-0.875,1.0,0.19,line
319,-0.875,1.0,0.1922222222222222,line
320,-0.875,1.0,0.19333333333333333,line
321,-0.875,1.0,0.19555555555555557,line
322,-0.875,1.0,0.1988888888888889,line
323,-0.875,1.0,0.2011111111111111,line
324,-0.875,1.0,0.20555555555555555,line
325,-0.875,1.0,0.2088888888888889,line
326,-0.875,1.0,0.21222222222222223,line
327,-0.875,1.0,0.21555555555555556,line
328,-0.875,1.0,0.21777777777777776,line
329,-0.875,1.0,0.22,line
330,-0.875,1.0,0.21777777777777776,line
331,-0.875,1.0,0.21666666666666667,line
332,-0.875,1.0,0.21555555555555556,line
333,-0.875,1.0,0.21333333333333335,line
334,-0.875,1.0,0.21,line
335,-0.875,1.0,0.2088888888888889,line
336,-0.875,1.0,0.2088888888888889,line
337,-0.875,1.0,0.2088888888888889,line
338,-0.875,1.0,0.21,line
339,-0.875,1.0,0.21333333333333335,line
340,-0.875,1.0,0.21666666666666667,line
341,-0.875,1.0,0.21888888888888888,line
342,-0.875,1.0,0.22111111111111112,line
343,-0.875,1.0,0.22333333333333333,line
344,-0.875,1.0,0.22444444444444445,line
345,-0.875,1.0,0.22444444444444445,line
346,-0.875,1.0,0.22333333333333333,line
347,-0.875,1.0,0.22,line
348,-0.875,1.0,0.21777777777777776,line
349,-0.875,1.0,0.21777777777777776,line
350,-0.875,1.0,0.21888888888888888,line
351,-0.875,1.0,0.21777777777777776,line
352,-0.875,1.0,0.21888888888888888,line
353,-0.875,1.0,0.21777777777777776,line
354,-0.875,1.0,0.21666666666666667,line
355,-0.875,1.0,0.21555555555555556,line
356,-0.875,1.0,0.21444444444444444,line
357,-0.875,1.0,0.21666666666666667,line
358,-0.875,1.0,0.21555555555555556,line
359,-0.875,1.0,0.21444444444444444,line
360,-0.875,1.0,0.21555555555555556,line
361,-0.875,1.0,0.21666666666666667,line
362,-0.875,1.0,0.21555555555555556,line
363,-0.875,1.0,0.2111111111111111,line
364,-0.875,1.0,0.21,line
365,-0.875,1.0,0.2088888888888889,line
366,-0.875,1.0,0.20555555555555555,line
367,-0.875,1.0,0.2011111111111111,line
368,-0.875,1.0,0.19777777777777777,line
369,-0.875,1.0,0.19555555555555557,line
370,-0.875,1.0,0.19444444444444445,line
371,-0.875,1.0,0.19444444444444445,line
372,-0.875,1.0,0.19333333333333333,line
373,-0.875,1.0,0.19333333333333333,line
374,-0.875,1.0,0.1922222222222222,line
375,-0.875,1.0,0.19111111111111112,line
376,-0.875,1.0,0.19,line
377,-0.875,1.0,0.19,line
378,-0.875,1.0,0.19,line
379,-0.875,1.0,0.19,line
380,-0.875,1.0,0.19,line
381,-0.875,1.0,0.19,line
382,-0.875,1.0,0.18888888888888888,line
383,-0.875,1.0,0.18777777777777777,line
384,-0.875,1.0,0.18777777777777777,line
385,-0.875,1.0,0.18888888888888888,line
386,-0.875,1.0,0.1922222222222222,line
387,-0.875,1.0,0.19444444444444445,line
388,-0.875,1.0,0.19666666666666666,line
389,-0.875,1.0,0.19777777777777777,line
390,-0.875,1.0,0.20333333333333334,line
391,-0.875,1.0,0.21222222222222223,line
392,-0.875,1.0,0.22444444444444445,line
393,-0.875,1.0,0.24666666666666667,line
394,-0.875,1.0,0.2733333333333333,line
395,-0.875,1.0,0.3022222222222222,line
396,-0.875,1.0,0.33,line
397,-0.875,1.0,0.3566666666666667,line
398,-0.875,1.0,0.38222222222222224,line
399,-0.875,1.0,0.4077777777777778,line
400,-0.875,1.0,0.43333333333333335,line
401,-0.875,1.0,0.4588888888888889,line
402,-0.875,1.0,0.4855555555555556,line
403,-0.875,1.0,0.5133333333333333,line
404,-0.875,1.0,0.5411111111111111,drawing
405,-0.875,1.0,0.5688888888888889,drawing
406,-0.875,1.0,0.5955555555555555,drawing
407,-0.875,1.0,0.6211111111111111,drawing
408,-0.875,1.0,0.6433333333333333,drawing
409,-0.875,1.0,0.66,drawing
410,-0.875,1.0,0.67,drawing
411,-0.875,1.0,0.6733333333333333,drawing
412,-0.875,1.0,0.6766666666666666,drawing
413,-0.875,1.0,0.6788888888888889,drawing
414,-0.875,1.0,0.68,drawing
415,-0.875,1.0,0.68,drawing
416,-0.875,1.0,0.6788888888888889,drawing
417,-0.875,1.0,0.6766666666666666,drawing
418,-0.875,1.0,0.6755555555555556,drawing
419,-0.875,1.0,0.6766666666666666,drawing
420,-0.875,1.0,0.6744444444444444,drawing
421,-0.875,1.0,0.6722222222222223,drawing
422,-0.875,1.0,0.6611111111111111,drawing
423,-0.875,1.0,0.6388888888888888,line
424,-0.875,1.0,0.6122222222222222,line
425,-0.875,1.0,0.5844444444444444,line
426,-0.875,1.0,0.5566666666666666,line
427,-0.875,1.0,0.5288888888888889,line
428,-0.875,1.0,0.5044444444444445,line
429,-0.875,1.0,0.49333333333333335,line
430,-0.875,1.0,0.48777777777777775,line
431,-0.875,1.0,0.48333333333333334,line
432,-0.875,1.0,0.4811111111111111,line
433,-0.875,1.0,0.4811111111111111,line
434,-0.875,1.0,0.47888888888888886,line
435,-0.875,1.0,0.47333333333333333,line
436,-0.875,1.0,0.4666666666666667,line
437,-0.875,1.0,0.4633333333333333,line
438,-0.875,1.0,0.4677777777777778,line
439,-0.875,1.0,0.47555555555555556,line
440,-0.875,1.0,0.49,line
441,-0.875,1.0,0.5122222222222222,line
442,-0.875,1.0,0.5355555555555556,line
443,-0.875,1.0,0.56,drawing
444,-0.875,1.0,0.5844444444444444,drawing
445,-0.875,1.0,0.6088888888888889,drawing
446,-0.875,1.0,0.6344444444444445,drawing
447,-0.875,1.0,0.66,drawing
448,-0.875,1.0,0.6844444444444444,drawing
449,-0.875,1.0,0.7055555555555556,drawing
450,-0.875,1.0,0.7211111111111111,drawing
451,-0.875,1.0,0.72,drawing
452,-0.875,1.0,0.7211111111111111,drawing
453,-0.875,1.0,0.7222222222222222,drawing
454,-0.875,1.0,0.7255555555555555,drawing
455,-0.875,1.0,0.7266666666666667,drawing
456,-0.875,1.0,0.7288888888888889,drawing
457,-0.875,1.0,0.73,drawing
458,-0.875,1.0,0.7266666666666667,drawing
459,-0.875,1.0,0.71,drawing
460,-0.875,1.0,0.6877777777777778,drawing
461,-0.875,1.0,0.6644444444444444,drawing
462,-0.875,1.0,0.6388888888888888,drawing
463,-0.875,1.0,0.6144444444444445,drawing
464,-0.875,1.0,0.5911111111111111,line
465,-0.875,1.0,0.5711111111111111,line
466,-0.875,1.0,0.5511111111111111,line
467,-0.875,1.0,0.5288888888888889,line
468,-0.875,1.0,0.5044444444444445,line
469,-0.875,1.0,0.47888888888888886,line
470,-0.875,1.0,0.4533333333333333,line
471,-0.875,1.0,0.42777777777777776,line
472,-0.875,1.0,0.4022222222222222,line
473,-0.875,1.0,0.37555555555555553,line
474,-0.875,1.0,0.3477777777777778,line
475,-0.875,1.0,0.26555555555555554,line
476,-0.875,1.0,0.2388888888888889,line
477,-0.875,1.0,0.21555555555555556,line
478,-0.875,1.0,0.1988888888888889,line
479,-0.875,1.0,0.19666666666666666,line
480,-0.875,1.0,0.19555555555555557,line
481,-0.875,1.0,0.19444444444444445,line
482,-0.875,1.0,0.1922222222222222,line
483,-0.875,1.0,0.19333333333333333,line
484,-0.875,1.0,0.1922222222222222,line
485,-0.875,1.0,0.1922222222222222,line
486,-0.875,1.0,0.1922222222222222,line
487,-0.875,1.0,0.19,line
488,-0.875,1.0,0.1811111111111111,line
489,-0.875,1.0,0.17888888888888888,line
490,-0.875,1.0,0.17666666666666667,line
491,-0.875,1.0,0.19,line
492,-0.875,1.0,0.21444444444444444,line
493,-0.875,1.0,0.24,line
494,-0.875,1.0,0.26555555555555554,line
495,-0.875,1.0,0.29333333333333333,line
496,-0.875,1.0,0.32222222222222224,line
497,-0.875,1.0,0.3511111111111111,line
498,-0.875,1.0,0.54,drawing
499,-0.875,1.0,0.5677777777777778,drawing
500,-0.875,1.0,0.5955555555555555,drawing
501,-0.875,1.0,0.6211111111111111,drawing
502,-0.875,1.0,0.6477777777777778,drawing
503,-0.875,1.0,0.6688888888888889,drawing
504,-0.875,1.0,0.6888888888888889,drawing
505,-0.875,1.0,0.6988888888888889,drawing
506,-0.875,1.0,0.7011111111111111,drawing
507,-0.875,1.0,0.7044444444444444,drawing
508,-0.875,1.0,0.7088888888888889,drawing
509,-0.875,1.0,0.7111111111111111,drawing
510,-0.875,1.0,0.7133333333333334,drawing
511,-0.875,1.0,0.7155555555555555,drawing
512,-0.875,1.0,0.7177777777777777,drawing
513,-0.875,1.0,0.72,drawing
514,-0.875,1.0,0.7211111111111111,drawing
515,-0.875,1.0,0.7088888888888889,drawing
516,-0.875,1.0,0.6844444444444444,drawing
517,-0.875,1.0,0.6577777777777778,drawing
518,-0.875,1.0,0.6322222222222222,line
519,-0.875,1.0,0.6077777777777778,line
520,-0.875,1.0,0.5811111111111111,line
521,-0.875,1.0,0.5555555555555556,line
522,-0.875,1.0,0.5322222222222223,line
523,-0.875,1.0,0.51,line
524,-0.875,1.0,0.48777777777777775,line
525,-0.875,1.0,0.46555555555555556,line
526,-0.875,1.0,0.44222222222222224,line
527,-0.875,1.0,0.4177777777777778,line
528,-0.875,1.0,0.3933333333333333,line
529,-0.875,1.0,0.36777777777777776,line
530,-0.875,1.0,0.3411111111111111,line
531,-0.875,1.0,0.31333333333333335,line
532,-0.875,1.0,0.28555555555555556,line
533,-0.875,1.0,0.2633333333333333,line
534,-0.875,1.0,0.24222222222222223,line
535,-0.875,1.0,0.2311111111111111,line
536,-0.875,1.0,0.2288888888888889,line
537,-0.875,1.0,0.2288888888888889,line
538,-0.875,1.0,0.23,line
539,-0.875,1.0,0.2311111111111111,line
540,-0.875,1.0,0.23333333333333334,line
541,-0.875,1.0,0.23444444444444446,line
542,-0.875,1.0,0.23666666666666666,line
543,-0.875,1.0,0.2388888888888889,line
544,-0.875,1.0,0.2388888888888889,line
545,-0.875,1.0,0.23777777777777778,line
546,-0.875,1.0,0.23777777777777778,line
547,-0.875,1.0,0.2388888888888889,line
548,-0.875,1.0,0.23555555555555555,line
549,-0.875,1.0,0.23333333333333334,line
550,-0.875,1.0,0.2288888888888889,line
551,-0.875,1.0,0.22666666666666666,line
552,-0.875,1.0,0.22444444444444445,line
553,-0.875,1.0,0.2222222222222222,line
554,-0.875,1.0,0.21777777777777776,line
555,-0.875,1.0,0.21444444444444444,line
556,-0.875,1.0,0.21222222222222223,line
557,-0.875,1.0,0.21,line
558,-0.875,1.0,0.2088888888888889,line
559,-0.875,1.0,0.2088888888888889,line
560,-0.875,1.0,0.2088888888888889,line
561,-0.875,1.0,0.2088888888888889,line
562,-0.875,1.0,0.2088888888888889,line
563,-0.875,1.0,0.2111111111111111,line
564,-0.875,1.0,0.21444444444444444,line
565,-0.875,1.0,0.21333333333333335,line
566,-0.875,1.0,0.2111111111111111,line
567,-0.875,1.0,0.20777777777777778,line
568,-0.875,1.0,0.20666666666666667,line
569,-0.875,1.0,0.20555555555555555,line
570,-0.875,1.0,0.21222222222222223,line
571,-0.875,1.0,0.22333333333333333,line
572,-0.875,1.0,0.23666666666666666,line
573,-0.875,1.0,0.25,line
574,-0.875,1.0,0.2588888888888889,line
575,-0.875,1.0,0.2633333333333333,line
576,-0.875,1.0,0.2688888888888889,line
577,-0.875,1.0,0.27555555555555555,line
578,-0.875,1.0,0.2811111111111111,line
579,-0.875,1.0,0.2811111111111111,line
580,-0.875,1.0,0.28,line
581,-0.875,1.0,0.2788888888888889,line
582,-0.875,1.0,0.2788888888888889,drawing
583,-0.875,1.0,0.2788888888888889,drawing
584,-0.875,1.0,0.28,drawing
585,-0.875,1.0,0.2811111111111111,drawing
586,-0.875,1.0,0.28,drawing
587,-0.875,1.0,0.2811111111111111,line
588,-0.875,1.0,0.2811111111111111,line
589,-0.875,1.0,0.2822222222222222,line
590,-0.875,1.0,0.2811111111111111,line
591,-0.875,1.0,0.2822222222222222,line
592,-0.875,1.0,0.2822222222222222,line
593,-0.875,1.0,0.2811111111111111,line
594,-0.875,1.0,0.2788888888888889,line
595,-0.875,1.0,0.28,line
596,-0.875,1.0,0.2811111111111111,line
597,-0.875,1.0,0.2811111111111111,line
598,-0.875,1.0,0.28,line
599,-0.875,1.0,0.2722222222222222,line
600,-0.875,1.0,0.26222222222222225,line
601,-0.875,1.0,0.21666666666666667,line
602,-0.875,1.0,0.21222222222222223,line
603,-0.875,1.0,0.21,line
604,-0.875,1.0,0.21,line
605,-0.875,1.0,0.2111111111111111,line
606,-0.875,1.0,0.21222222222222223,line
607,-0.875,1.0,0.21,line
608,-0.875,1.0,0.2088888888888889,line
609,-0.875,1.0,0.20666666666666667,line
610,-0.875,1.0,0.20444444444444446,line
611,-0.875,1.0,0.20333333333333334,line
612,-0.875,1.0,0.20333333333333334,line
613,-0.875,1.0,0.20222222222222222,line
614,-0.875,1.0,0.20444444444444446,line
615,-0.875,1.0,0.20444444444444446,line
616,-0.875,1.0,0.20555555555555555,line
617,-0.875,1.0,0.20555555555555555,line
618,-0.875,1.0,0.20666666666666667,line
619,-0.875,1.0,0.21,line
620,-0.875,1.0,0.21333333333333335,line
621,-0.875,1.0,0.21333333333333335,line
622,-0.875,1.0,0.21333333333333335,line
623,-0.875,1.0,0.21333333333333335,line
624,-0.875,1.0,0.21333333333333335,line
625,-0.875,1.0,0.21222222222222223,line
626,-0.875,1.0,0.21222222222222223,line
627,-0.875,1.0,0.21333333333333335,line
628,-0.875,1.0,0.21444444444444444,line
629,-0.875,1.0,0.21444444444444444,line
630,-0.875,1.0,0.21444444444444444,line
631,-0.875,1.0,0.21333333333333335,line
632,-0.875,1.0,0.21222222222222223,line
633,-0.875,1.0,0.2111111111111111,line
634,-0.875,1.0,0.2111111111111111,line
635,-0.875,1.0,0.2111111111111111,line
636,-0.875,1.0,0.21222222222222223,line
637,-0.875,1.0,0.21666666666666667,line
638,-0.875,1.0,0.21888888888888888,line
639,-0.875,1.0,0.22111111111111112,line
640,-0.875,1.0,0.22111111111111112,line
641,-0.875,1.0,0.22111111111111112,line
642,-0.875,1.0,0.22111111111111112,line
643,-0.875,1.0,0.2088888888888889,line
644,-0.875,1.0,0.20777777777777778,line
645,-0.875,1.0,0.20666666666666667,line
646,-0.875,1.0,0.20666666666666667,line
647,-0.875,1.0,0.20666666666666667,line
648,-0.875,1.0,0.20555555555555555,line
649,-0.875,1.0,0.20333333333333334,line
650,-0.875,1.0,0.2011111111111111,line
651,-0.875,1.0,0.1988888888888889,line
652,-0.875,1.0,0.1988888888888889,line
653,-0.875,1.0,0.19777777777777777,line
654,-0.875,1.0,0.19777777777777777,line
655,-0.875,1.0,0.2,line
656,-0.875,1.0,0.2011111111111111,line
657,-0.875,1.0,0.2011111111111111,line
658,-0.875,1.0,0.2,line
659,-0.875,1.0,0.19777777777777777,line
660,-0.875,1.0,0.19555555555555557,line
661,-0.875,1.0,0.19333333333333333,line
662,-0.875,1.0,0.19111111111111112,line
663,-0.875,1.0,0.19333333333333333,line
664,-0.875,1.0,0.19666666666666666,line
665,-0.875,1.0,0.2,line
666,-0.875,1.0,0.2,line
667,-0.875,1.0,0.2011111111111111,line
668,-0.875,1.0,0.20222222222222222,line
669,-0.875,1.0,0.2011111111111111,line
670,-0.875,1.0,0.1988888888888889,line
671,-0.875,1.0,0.2,line
672,-0.875,1.0,0.2011111111111111,line
673,-0.875,1.0,0.20222222222222222,line
674,-0.875,1.0,0.2011111111111111,line
675,-0.875,1.0,0.20222222222222222,line
676,-0.875,1.0,0.20222222222222222,line
677,-0.875,1.0,0.2011111111111111,line
678,-0.875,1.0,0.2,line
679,-0.875,1.0,0.2,line
680,-0.875,1.0,0.2011111111111111,line
681,-0.875,1.0,0.20444444444444446,line
682,-0.875,1.0,0.20333333333333334,line
683,-0.875,1.0,0.20222222222222222,line
684,-0.875,1.0,0.20222222222222222,line
685,-0.875,1.0,0.2,line
686,-0.875,1.0,0.1988888888888889,line
687,-0.875,1.0,0.19777777777777777,line
688,-0.875,1.0,0.19777777777777777,line
689,-0.875,1.0,0.19777777777777777,line
690,-0.875,1.0,0.1988888888888889,line
691,-0.875,1.0,0.2011111111111111,line
692,-0.875,1.0,0.2011111111111111,line
693,-0.875,1.0,0.1988888888888889,line
694,-0.875,1.0,0.19777777777777777,line
695,-0.875,1.0,0.19777777777777777,line
696,-0.875,1.0,0.2,line
697,-0.875,1.0,0.2,line
698,-0.875,1.0,0.19777777777777777,line
699,-0.875,1.0,0.19666666666666666,line
700,-0.875,1.0,0.19666666666666666,line
701,-0.875,1.0,0.19555555555555557,line
702,-0.875,1.0,0.19555555555555557,line
703,-0.875,1.0,0.19555555555555557,line
704,-0.875,1.0,0.19666666666666666,line
705,-0.875,1.0,0.19555555555555557,line
706,-0.875,1.0,0.19444444444444445,line
707,-0.875,1.0,0.19444444444444445,line
708,-0.875,1.0,0.19555555555555557,line
709,-0.875,1.0,0.19555555555555557,line
710,-0.875,1.0,0.1922222222222222,line
711,-0.875,1.0,0.19111111111111112,line
712,-0.875,1.0,0.1922222222222222,line
713,-0.875,1.0,0.1922222222222222,line
714,-0.875,1.0,0.19111111111111112,line
715,-0.875,1.0,0.19111111111111112,line
716,-0.875,1.0,0.19111111111111112,line
717,-0.875,1.0,0.19111111111111112,line
718,-0.875,1.0,0.19,line
719,-0.875,1.0,0.18777777777777777,line
720,-0.875,1.0,0.18555555555555556,line
721,-0.875,1.0,0.18444444444444444,line
722,-0.875,1.0,0.18555555555555556,line
723,-0.875,1.0,0.18666666666666668,line
724,-0.875,1.0,0.18555555555555556,line
725,-0.875,1.0,0.18222222222222223,line
726,-0.875,1.0,0.17888888888888888,line
727,-0.875,1.0,0.18555555555555556,line
728,-0.875,1.0,0.18888888888888888,line
729,-0.875,1.0,0.2,line
730,-0.875,1.0,0.22,line
731,-0.875,1.0,0.24333333333333335,line
732,-0.875,1.0,0.2688888888888889,line
733,-0.875,1.0,0.29444444444444445,line
734,-0.875,1.0,0.3211111111111111,line
735,-0.875,1.0,0.3477777777777778,line
736,-0.875,1.0,0.37444444444444447,line
737,-0.875,1.0,0.4011111111111111,line
738,-0.875,1.0,0.43,line
739,-0.875,1.0,0.45555555555555555,line
740,-0.875,1.0,0.4822222222222222,line
741,-0.875,1.0,0.5111111111111111,line
742,-0.875,1.0,0.54,drawing
743,-0.875,1.0,0.5677777777777778,drawing
744,-0.875,1.0,0.5933333333333334,drawing
745,-0.875,1.0,0.61,drawing
746,-0.875,1.0,0.6266666666666667,drawing
747,-0.875,1.0,0.6355555555555555,drawing
748,-0.875,1.0,0.6366666666666667,drawing
749,-0.875,1.0,0.6355555555555555,drawing
750,-0.875,1.0,0.6344444444444445,drawing
751,-0.875,1.0,0.6333333333333333,drawing
752,-0.875,1.0,0.6311111111111111,drawing
753,-0.875,1.0,0.6311111111111111,drawing
754,-0.875,1.0,0.6322222222222222,drawing
755,-0.875,1.0,0.6333333333333333,drawing
756,-0.875,1.0,0.6311111111111111,drawing
757,-0.875,1.0,0.6266666666666667,drawing
758,-0.875,1.0,0.6255555555555555,drawing
759,-0.875,1.0,0.6155555555555555,drawing
760,-0.875,1.0,0.5955555555555555,line
761,-0.875,1.0,0.5711111111111111,line
762,-0.875,1.0,0.5444444444444444,line
763,-0.875,1.0,0.5211111111111111,line
764,-0.875,1.0,0.4955555555555556,line
765,-0.875,1.0,0.4688888888888889,line
766,-0.875,1.0,0.44333333333333336,line
767,-0.875,1.0,0.4177777777777778,line
768,-0.875,1.0,0.39222222222222225,line
769,-0.875,1.0,0.3655555555555556,line
770,-0.875,1.0,0.3388888888888889,line
771,-0.875,1.0,0.3111111111111111,line
772,-0.875,1.0,0.2833333333333333,line
773,-0.875,1.0,0.25555555555555554,line
774,-0.875,1.0,0.23,line
775,-0.875,1.0,0.2111111111111111,line
776,-0.875,1.0,0.1922222222222222,line
777,-0.875,1.0,0.18333333333333332,line
778,-0.875,1.0,0.18222222222222223,line
779,-0.875,1.0,0.18222222222222223,line
780,-0.875,1.0,0.18444444444444444,line
781,-0.875,1.0,0.18666666666666668,line
782,-0.875,1.0,0.19111111111111112,line
783,-0.875,1.0,0.19333333333333333,line
784,-0.875,1.0,0.19444444444444445,line
785,-0.875,1.0,0.19555555555555557,line
786,-0.875,1.0,0.1988888888888889,line
787,-0.875,1.0,0.20333333333333334,line
788,-0.875,1.0,0.2011111111111111,line
789,-0.875,1.0,0.1988888888888889,line
790,-0.875,1.0,0.1988888888888889,line
791,-0.875,1.0,0.1988888888888889,line
792,-0.875,1.0,0.19666666666666666,line
793,-0.875,1.0,0.19444444444444445,line
794,-0.875,1.0,0.19333333333333333,line
795,-0.625,1.1428571428571428,0.20666666666666667,line
796,-0.625,1.1428571428571428,0.20666666666666667,line
797,-0.625,1.1428571428571428,0.20666666666666667,line
798,-0.625,1.1428571428571428,0.20666666666666667,line
799,-0.625,1.1428571428571428,0.20666666666666667,line
800,-0.625,1.1428571428571428,0.20666666666666667,line
801,-0.625,1.1428571428571428,0.20666666666666667,line
802,-0.625,1.1428571428571428,0.20666666666666667,line
803,-0.625,1.1428571428571428,0.20666666666666667,line
804,-0.625,1.1428571428571428,0.20666666666666667,line
805,-0.625,1.1428571428571428,0.20666666666666667,line
806,-0.625,1.1428571428571428,0.20666666666666667,line
807,-0.625,1.1428571428571428,0.20666666666666667,line
808,-0.625,1.1428571428571428,0.20666666666666667,line
809,-0.625,1.1428571428571428,0.20666666666666667,line
810,-0.625,1.1428571428571428,0.20666666666666667,line
811,-0.625,1.1428571428571428,0.20666666666666667,line
812,-0.625,1.1428571428571428,0.20666666666666667,line
813,-0.625,1.1428571428571428,0.20666666666666667,line
814,-0.625,1.1428571428571428,0.20666666666666667,line
815,-0.625,1.1428571428571428,0.20666666666666667,line
816,-0.625,1.1428571428571428,0.20666666666666667,line
817,-0.625,1.1428571428571428,0.20666666666666667,line
818,-0.625,1.1428571428571428,0.20666666666666667,line
819,-0.625,1.1428571428571428,0.20666666666666667,line
820,-0.625,1.1428571428571428,0.20666666666666667,line
821,-0.625,1.1428571428571428,0.20666666666666667,line
822,-0.625,1.1428571428571428,0.20666666666666667,line
823,-0.625,1.1428571428571428,0.20666666666666667,line
824,-0.625,1.1428571428571428,0.20666666666666667,line
825,-0.625,1.1428571428571428,0.20666666666666667,line
826,-0.625,1.1428571428571428,0.20666666666666667,line
827,-0.625,1.1428571428571428,0.20666666666666667,line
828,-0.625,1.1428571428571428,0.20666666666666667,line
829,-0.625,1.1428571428571428,0.20666666666666667,line
830,-0.625,1.1428571428571428,0.20666666666666667,line
831,-0.625,1.1428571428571428,0.20666666666666667,line
832,-0.625,1.1428571428571428,0.20666666666666667,line
833,-0.625,1.1428571428571428,0.20666666666666667,line
834,-0.625,1.1428571428571428,0.20666666666666667,line
835,-0.625,1.1428571428571428,0.20666666666666667,line
836,-0.625,1.1428571428571428,0.20666666666666667,line
837,-0.625,1.1428571428571428,0.20666666666666667,line
838,-0.625,1.1428571428571428,0.20666666666666667,line
839,-0.625,1.1428571428571428,0.20666666666666667,line
840,-0.625,1.1428571428571428,0.20666666666666667,line
841,-0.625,1.1428571428571428,0.20666666666666667,line
842,-0.625,1.1428571428571428,0.20666666666666667,line
843,-0.625,1.1428571428571428,0.20666666666666667,line
844,-0.625,1.1428571428571428,0.20666666666666667,line
845,-0.625,1.1428571428571428,0.20666666666666667,line
846,-0.625,1.1428571428571428,0.20666666666666667,line
847,-0.625,1.1428571428571428,0.20666666666666667,line
848,-0.625,1.1428571428571428,0.20666666666666667,line
849,-0.625,1.1428571428571428,0.20666666666666667,line
850,-0.625,1.1428571428571428,0.20666666666666667,line
851,-0.625,1.1428571428571428,0.20666666666666667,line
852,-0.625,1.1428571428571428,0.20666666666666667,line
853,-0.625,1.1428571428571428,0.20666666666666667,line
854,-0.625,1.1428571428571428,0.20666666666666667,line
855,-0.625,1.1428571428571428,0.20666666666666667,line
856,-0.625,1.1428571428571428,0.20666666666666667,line
857,-0.625,1.1428571428571428,0.20666666666666667,line
858,-0.625,1.1428571428571428,0.20666666666666667,line
859,-0.625,1.1428571428571428,0.20666666666666667,line
860,-0.625,1.1428571428571428,0.20666666666666667,line
861,-0.625,1.1428571428571428,0.20666666666666667,line
862,-0.625,1.1428571428571428,0.20666666666666667,line
863,-0.625,1.1428571428571428,0.20666666666666667,line
864,-0.625,1.1428571428571428,0.20666666666666667,line
865,-0.625,1.1428571428571428,0.20666666666666667,line
866,-0.625,1.1428571428571428,0.20666666666666667,line
867,-0.625,1.1428571428571428,0.20666666666666667,line
868,-0.625,1.1428571428571428,0.20666666666666667,line
869,-0.625,1.1428571428571428,0.20666666666666667,line
870,-0.625,1.1428571428571428,0.20666666666666667,line
871,-0.625,1.1428571428571428,0.20666666666666667,line
872,-0.625,1.1428571428571428,0.20666666666666667,line
873,-0.625,1.1428571428571428,0.20666666666666667,line
874,-0.625,1.1428571428571428,0.20666666666666667,line
875,-0.625,1.1428571428571428,0.20666666666666667,line
876,-0.625,1.1428571428571428,0.20666666666666667,line
877,-0.625,1.1428571428571428,0.20666666666666667,line
878,-0.625,1.1428571428571428,0.20666666666666667,line
879,-0.625,1.1428571428571428,0.20666666666666667,line
880,-0.625,1.1428571428571428,0.20666666666666667,line
881,-0.625,1.1428571428571428,0.20666666666666667,line
882,-0.625,1.1428571428571428,0.20666666666666667,line
883,-0.625,1.1428571428571428,0.20666666666666667,line
884,-0.625,1.1428571428571428,0.20666666666666667,line
885,-0.625,1.1428571428571428,0.20666666666666667,line
886,-0.625,1.1428571428571428,0.20666666666666667,line
887,-0.625,1.1428571428571428,0.20666666666666667,line
888,-0.625,1.1428571428571428,0.20666666666666667,line
889,-0.625,1.1428571428571428,0.20666666666666667,line
890,-0.625,1.1428571428571428,0.20666666666666667,line
891,-0.625,1.1428571428571428,0.20666666666666667,line
892,-0.625,1.1428571428571428,0.20666666666666667,line
893,-0.625,1.1428571428571428,0.20666666666666667,line
894,-0.625,1.1428571428571428,0.20666666666666667,line
895,-0.625,1.1428571428571428,0.20666666666666667,line
896,-0.625,1.1428571428571428,0.20666666666666667,line
897,-0.625,1.1428571428571428,0.20666666666666667,line
898,-0.625,1.1428571428571428,0.20666666666666667,line
899,-0.625,1.1428571428571428,0.20666666666666667,line
900,-0.625,1.1428571428571428,0.20666666666666667,line
901,-0.625,1.1428571428571428,0.20666666666666667,line
902,-0.625,1.1428571428571428,0.20666666666666667,line
903,-0.625,1.1428571428571428,0.20666666666666667,line
904,-0.625,1.1428571428571428,0.20666666666666667,line
905,-0.625,1.1428571428571428,0.20666666666666667,line
906,-0.625,1.1428571428571428,0.20666666666666667,line
907,-0.625,1.1428571428571428,0.20666666666666667,line
908,-0.625,1.1428571428571428,0.20666666666666667,line
909,-0.625,1.1428571428571428,0.20666666666666667,line
910,-0.625,1.1428571428571428,0.20666666666666667,line
911,-0.625,1.1428571428571428,0.20666666666666667,line
912,-0.625,1.1428571428571428,0.20666666666666667,drawing
913,-0.625,1.1428571428571428,0.20666666666666667,drawing
914,-0.625,1.1428571428571428,0.20666666666666667,drawing
915,-0.625,1.1428571428571428,0.20666666666666667,drawing
916,-0.625,1.1428571428571428,0.20666666666666667,drawing
917,-0.625,1.1428571428571428,0.20666666666666667,drawing
918,-0.625,1.1428571428571428,0.20666666666666667,drawing
919,-0.625,1.1428571428571428,0.20666666666666667,drawing
920,-0.625,1.1428571428571428,0.20666666666666667,drawing
921,-0.625,1.1428571428571428,0.20666666666666667,drawing
922,-0.625,1.1428571428571428,0.20666666666666667,drawing
923,-0.625,1.1428571428571428,0.20666666666666667,drawing
924,-0.625,1.1428571428571428,0.20666666666666667,drawing
925,-0.625,1.1428571428571428,0.20666666666666667,drawing
926,-0.625,1.1428571428571428,0.20666666666666667,drawing
927,-0.625,1.1428571428571428,0.20666666666666667,drawing
928,-0.625,1.1428571428571428,0.20666666666666667,line
929,-0.625,1.1428571428571428,0.20666666666666667,line
930,-0.625,1.1428571428571428,0.20666666666666667,line
931,-0.625,1.1428571428571428,0.20666666666666667,line
932,-0.625,1.1428571428571428,0.20666666666666667,line
933,-0.625,1.1428571428571428,0.20666666666666667,line
934,-0.625,1.1428571428571428,0.20666666666666667,line
935,-0.625,1.1428571428571428,0.20666666666666667,line
936,-0.625,1.1428571428571428,0.20666666666666667,line
937,-0.625,1.1428571428571428,0.20666666666666667,line
938,-0.625,1.1428571428571428,0.20666666666666667,line
939,-0.625,1.1428571428571428,0.20666666666666667,line
940,-0.625,1.1428571428571428,0.20666666666666667,line
941,-0.625,1.1428571428571428,0.20666666666666667,line
942,-0.625,1.1428571428571428,0.20666666666666667,line
943,-0.625,1.1428571428571428,0.20666666666666667,line
944,-0.625,1.1428571428571428,0.20666666666666667,line
945,-0.625,1.1428571428571428,0.20666666666666667,line
946,-0.625,1.1428571428571428,0.20666666666666667,line
947,-0.625,1.1428571428571428,0.20666666666666667,line
948,-0.625,1.1428571428571428,0.20666666666666667,line
949,-0.625,1.1428571428571428,0.20666666666666667,line
950,-0.625,1.1428571428571428,0.20666666666666667,line
951,-0.625,1.1428571428571428,0.20666666666666667,line
952,-0.625,1.1428571428571428,0.20666666666666667,line
953,-0.625,1.1428571428571428,0.20666666666666667,line
954,-0.625,1.1428571428571428,0.20666666666666667,line
955,-0.625,1.1428571428571428,0.20666666666666667,line
956,-0.625,1.1428571428571428,0.20666666666666667,line
957,-0.625,1.1428571428571428,0.20666666666666667,line
958,-0.625,1.1428571428571428,0.20666666666666667,line
959,-0.625,1.1428571428571428,0.20666666666666667,line
960,-0.625,1.1428571428571428,0.20666666666666667,line
961,-0.625,1.1428571428571428,0.20666666666666667,line
962,-0.625,1.1428571428571428,0.20666666666666667,line
963,-0.625,1.1428571428571428,0.20666666666666667,line
964,-0.625,1.1428571428571428,0.20666666666666667,line
965,-0.625,1.1428571428571428,0.20666666666666667,line
966,-0.625,1.1428571428571428,0.20666666666666667,line
967,-0.625,1.1428571428571428,0.20666666666666667,line
968,-0.625,1.1428571428571428,0.20666666666666667,drawing
969,-0.625,1.1428571428571428,0.20666666666666667,drawing
970,-0.625,1.1428571428571428,0.20666666666666667,drawing
971,-0.625,1.1428571428571428,0.20666666666666667,drawing
972,-0.625,1.1428571428571428,0.20666666666666667,drawing
973,-0.625,1.1428571428571428,0.20666666666666667,drawing
974,-0.625,1.1428571428571428,0.20666666666666667,drawing
975,-0.625,1.1428571428571428,0.20666666666666667,drawing
976,-0.625,1.1428571428571428,0.20666666666666667,drawing
977,-0.625,1.1428571428571428,0.20666666666666667,drawing
978,-0.625,1.1428571428571428,0.20666666666666667,drawing
979,-0.625,1.1428571428571428,0.20666666666666667,line
980,-0.625,1.1428571428571428,0.20666666666666667,line
981,-0.625,1.1428571428571428,0.20666666666666667,line
982,-0.625,1.1428571428571428,0.20666666666666667,line
983,-0.625,1.1428571428571428,0.20666666666666667,line
984,-0.625,1.1428571428571428,0.20666666666666667,line
985,-0.625,1.1428571428571428,0.20666666666666667,line
986,-0.625,1.1428571428571428,0.20666666666666667,line
987,-0.625,1.1428571428571428,0.20666666666666667,line
988,-0.625,1.1428571428571428,0.20666666666666667,line
989,-0.625,1.1428571428571428,0.20666666666666667,line
990,-0.625,1.1428571428571428,0.20666666666666667,line
991,-0.625,1.1428571428571428,0.20666666666666667,line
992,-0.625,1.1428571428571428,0.20666666666666667,line
993,-0.625,1.1428571428571428,0.20666666666666667,line
994,-0.625,1.1428571428571428,0.20666666666666667,line
995,-0.625,1.1428571428571428,0.20666666666666667,line
996,-0.625,1.1428571428571428,0.20666666666666667,line
997,-0.625,1.1428571428571428,0.20666666666666667,line
998,-0.625,1.1428571428571428,0.20666666666666667,line
999,-0.625,1.1428571428571428,0.20666666666666667,line
1000,-0.625,1.1428571428571428,0.20666666666666667,line
1001,-0.625,1.1428571428571428,0.20666666666666667,line
1002,-0.625,1.1428571428571428,0.20666666666666667,line
1003,-0.625,1.1428571428571428,0.20666666666666667,line
1004,-0.625,1.1428571428571428,0.20666666666666667,line
1005,-0.625,1.1428571428571428,0.20666666666666667,line
1006,-0.625,1.1428571428571428,0.20666666666666667,line
1007,-0.625,1.1428571428571428,0.20666666666666667,line
1008,-0.625,1.1428571428571428,0.20666666666666667,line
1009,-0.625,1.1428571428571428,0.20666666666666667,line
1010,-0.625,1.1428571428571428,0.20666666666666667,line
1011,-0.625,1.1428571428571428,0.20666666666666667,line
1012,-0.625,1.1428571428571428,0.20666666666666667,line
1013,-0.625,1.1428571428571428,0.20666666666666667,line
1014,-0.625,1.1428571428571428,0.20666666666666667,line
1015,-0.625,1.1428571428571428,0.20666666666666667,line
1016,-0.625,1.1428571428571428,0.20666666666666667,line
1017,-0.625,1.1428571428571428,0.20666666666666667,line
1018,-0.625,1.1428571428571428,0.20666666666666667,line
1019,-0.625,1.1428571428571428,0.20666666666666667,line
1020,-0.625,1.1428571428571428,0.20666666666666667,line
1021,-0.625,1.1428571428571428,0.20666666666666667,line
1022,-0.625,1.1428571428571428,0.20666666666666667,line
1023,-0.625,1.1428571428571428,0.20666666666666667,line
1024,-0.625,1.1428571428571428,0.20666666666666667,line
1025,-0.625,1.1428571428571428,0.20666666666666667,line
1026,-0.625,1.1428571428571428,0.20666666666666667,line
1027,-0.625,1.1428571428571428,0.20666666666666667,line
1028,-0.625,1.1428571428571428,0.20666666666666667,line
1029,-0.625,1.1428571428571428,0.20666666666666667,line
1030,-0.625,1.1428571428571428,0.20666666666666667,line
1031,-0.625,1.1428571428571428,0.20666666666666667,line
1032,-0.625,1.1428571428571428,0.20666666666666667,line
1033,-0.625,1.1428571428571428,0.20666666666666667,line
1034,-0.625,1.1428571428571428,0.20666666666666667,line
1035,-0.625,1.1428571428571428,0.20666666666666667,line
1036,-0.625,1.1428571428571428,0.20666666666666667,line
1037,-0.625,1.1428571428571428,0.20666666666666667,line
1038,-0.625,1.1428571428571428,0.20666666666666667,line
1039,-0.625,1.1428571428571428,0.20666666666666667,line
1040,-0.625,1.1428571428571428,0.20666666666666667,line
1041,-0.625,1.1428571428571428,0.20666666666666667,line
1042,-0.625,1.1428571428571428,0.20666666666666667,line
1043,-0.625,1.1428571428571428,0.20666666666666667,line
1044,-0.625,1.1428571428571428,0.20666666666666667,line
1045,-0.625,1.1428571428571428,0.20666666666666667,line
1046,-0.625,1.1428571428571428,0.20666666666666667,line
1047,-0.625,1.1428571428571428,0.20666666666666667,line
1048,-0.625,1.1428571428571428,0.20666666666666667,line
1049,-0.625,1.1428571428571428,0.20666666666666667,line
1050,-0.625,1.1428571428571428,0.20666666666666667,line
1051,-0.625,1.1428571428571428,0.20666666666666667,line
1052,-0.625,1.1428571428571428,0.20666666666666667,line
1053,-0.625,1.1428571428571428,0.20666666666666667,line
1054,-0.625,1.1428571428571428,0.20666666666666667,line
1055,-0.625,1.1428571428571428,0.20666666666666667,line
1056,-0.625,1.1428571428571428,0.20666666666666667,line
1057,-0.625,1.1428571428571428,0.20666666666666667,line
1058,-0.625,1.1428571428571428,0.20666666666666667,line
1059,-0.625,1.1428571428571428,0.20666666666666667,line
1060,-0.625,1.1428571428571428,0.20666666666666667,line
1061,-0.625,1.1428571428571428,0.20666666666666667,line
1062,-0.625,1.1428571428571428,0.20666666666666667,line
1063,-0.625,1.1428571428571428,0.20666666666666667,line
1064,-0.625,1.1428571428571428,0.20666666666666667,line
1065,-0.625,1.1428571428571428,0.20666666666666667,line
1066,-0.625,1.1428571428571428,0.20666666666666667,line
1067,-0.625,1.1428571428571428,0.20666666666666667,line
1068,-0.625,1.1428571428571428,0.20666666666666667,line
1069,-0.625,1.1428571428571428,0.20666666666666667,line
1070,-0.625,1.1428571428571428,0.20666666666666667,line
1071,-0.625,1.1428571428571428,0.20666666666666667,line
1072,-0.625,1.1428571428571428,0.20666666666666667,line
1073,-0.625,1.1428571428571428,0.20666666666666667,line
1074,-0.625,1.1428571428571428,0.20666666666666667,line
1075,-0.625,1.1428571428571428,0.20666666666666667,line
1076,-0.625,1.1428571428571428,0.20666666666666667,line
1077,-0.625,1.1428571428571428,0.20666666666666667,line
1078,-0.625,1.1428571428571428,0.20666666666666667,line
1079,-0.625,1.1428571428571428,0.20666666666666667,line
1080,-0.625,1.1428571428571428,0.20666666666666667,line
1081,-0.625,1.1428571428571428,0.20666666666666667,line
1082,-0.625,1.1428571428571428,0.20666666666666667,line
1083,-0.625,1.1428571428571428,0.20666666666666667,line
1084,-0.625,1.1428571428571428,0.20666666666666667,line
1085,-0.625,1.1428571428571428,0.20666666666666667,line
1086,-0.625,1.1428571428571428,0.20666666666666667,line
1087,-0.625,1.1428571428571428,0.20666666666666667,line
1088,-0.625,1.1428571428571428,0.20666666666666667,line
1089,-0.625,1.1428571428571428,0.20666666666666667,line
1090,-0.625,1.1428571428571428,0.20666666666666667,line
1091,-0.625,1.1428571428571428,0.20666666666666667,line
1092,-0.625,1.1428571428571428,0.20666666666666667,line
1093,-0.625,1.1428571428571428,0.20666666666666667,line
1094,-0.625,1.1428571428571428,0.20666666666666667,line
1095,-0.625,1.1428571428571428,0.20666666666666667,line
1096,-0.625,1.1428571428571428,0.20666666666666667,line
1097,-0.625,1.1428571428571428,0.20666666666666667,line
1098,-0.625,1.1428571428571428,0.20666666666666667,line
1099,-0.625,1.1428571428571428,0.20666666666666667,line
1100,-0.625,1.1428571428571428,0.20666666666666667,line
1101,-0.625,1.1428571428571428,0.20666666666666667,line
1102,-0.625,1.1428571428571428,0.20666666666666667,line
1103,-0.625,1.1428571428571428,0.20666666666666667,line
1104,-0.625,1.1428571428571428,0.20666666666666667,line
1105,-0.625,1.1428571428571428,0.20666666666666667,line
1106,-0.625,1.1428571428571428,0.20666666666666667,line
1107,-0.625,1.1428571428571428,0.20666666666666667,line
1108,-0.625,1.1428571428571428,0.20666666666666667,line
1109,-0.625,1.1428571428571428,0.20666666666666667,line
1110,-0.625,1.1428571428571428,0.20666666666666667,line
1111,-0.625,1.1428571428571428,0.20666666666666667,line
1112,-0.625,1.1428571428571428,0.20666666666666667,line
1113,-0.625,1.1428571428571428,0.20666666666666667,line
1114,-0.625,1.1428571428571428,0.20666666666666667,line
1115,-0.625,1.1428571428571428,0.20666666666666667,line
1116,-0.625,1.1428571428571428,0.20666666666666667,line
1117,-0.625,1.1428571428571428,0.20666666666666667,line
1118,-0.625,1.1428571428571428,0.20666666666666667,line
1119,-0.625,1.1428571428571428,0.20666666666666667,line
1120,-0.625,1.1428571428571428,0.20666666666666667,line
1121,-0.625,1.1428571428571428,0.20666666666666667,line
1122,-0.625,1.1428571428571428,0.20666666666666667,line
1123,-0.625,1.1428571428571428,0.20666666666666667,line
1124,-0.625,1.1428571428571428,0.20666666666666667,line
1125,-0.625,1.1428571428571428,0.20666666666666667,line
1126,-0.625,1.1428571428571428,0.20666666666666667,line
1127,-0.625,1.1428571428571428,0.20666666666666667,line
1128,-0.625,1.1428571428571428,0.20666666666666667,line
1129,-0.625,1.1428571428571428,0.20666666666666667,line
1130,-0.625,1.1428571428571428,0.20666666666666667,line
1131,-0.625,1.1428571428571428,0.20666666666666667,line
1132,-0.625,1.1428571428571428,0.20666666666666667,line
1133,-0.625,1.1428571428571428,0.20666666666666667,line
1134,-0.625,1.1428571428571428,0.20666666666666667,line
1135,-0.625,1.1428571428571428,0.20666666666666667,line
1136,-0.625,1.1428571428571428,0.20666666666666667,line
1137,-0.625,1.1428571428571428,0.20666666666666667,line
1138,-0.625,1.1428571428571428,0.20666666666666667,line
1139,-0.625,1.1428571428571428,0.20666666666666667,line
1140,-0.625,1.1428571428571428,0.20666666666666667,line
1141,-0.625,1.1428571428571428,0.20666666666666667,line
1142,-0.625,1.1428571428571428,0.20666666666666667,line
1143,-0.625,1.1428571428571428,0.20666666666666667,line
1144,-0.625,1.1428571428571428,0.20666666666666667,line
1145,-0.625,1.1428571428571428,0.20666666666666667,line
1146,-0.625,1.1428571428571428,0.20666666666666667,line
1147,-0.625,1.1428571428571428,0.20666666666666667,line
1148,-0.625,1.1428571428571428,0.20666666666666667,line
1149,-0.625,1.1428571428571428,0.20666666666666667,line
1150,-0.625,1.1428571428571428,0.20666666666666667,line
1151,-0.625,1.1428571428571428,0.20666666666666667,line
1152,-0.625,1.1428571428571428,0.20666666666666667,line
1153,-0.625,1.1428571428571428,0.20666666666666667,line
1154,-0.625,1.1428571428571428,0.20666666666666667,line
1155,-0.625,1.1428571428571428,0.20666666666666667,line
1156,-0.625,1.1428571428571428,0.20666666666666667,line
1157,-0.625,1.1428571428571428,0.20666666666666667,line
1158,-0.625,1.1428571428571428,0.20666666666666667,line
1159,-0.625,1.1428571428571428,0.20666666666666667,line
1160,-0.625,1.1428571428571428,0.20666666666666667,line
1161,-0.625,1.1428571428571428,0.20666666666666667,line
1162,-0.625,1.1428571428571428,0.20666666666666667,line
1163,-0.625,1.1428571428571428,0.20666666666666667,line
1164,-0.625,1.1428571428571428,0.20666666666666667,line
1165,-0.625,1.1428571428571428,0.20666666666666667,line
1166,-0.625,1.1428571428571428,0.20666666666666667,line
1167,-0.625,1.1428571428571428,0.20666666666666667,line
1168,-0.625,1.1428571428571428,0.20666666666666667,line
1169,-0.625,1.1428571428571428,0.20666666666666667,line
1170,-0.625,1.1428571428571428,0.20666666666666667,line
1171,-0.625,1.1428571428571428,0.20666666666666667,line
1172,-0.625,1.1428571428571428,0.20666666666666667,line
1173,-0.625,1.1428571428571428,0.20666666666666667,line
1174,-0.625,1.1428571428571428,0.20666666666666667,line
1175,-0.625,1.1428571428571428,0.20666666666666667,line
1176,-0.625,1.1428571428571428,0.20666666666666667,line
1177,-0.625,1.1428571428571428,0.20666666666666667,line
1178,-0.625,1.1428571428571428,0.20666666666666667,line
1179,-0.625,1.1428571428571428,0.20666666666666667,line
1180,-0.625,1.1428571428571428,0.20666666666666667,line
1181,-0.625,1.1428571428571428,0.20666666666666667,line
1182,-0.625,1.1428571428571428,0.20666666666666667,line
1183,-0.625,1.1428571428571428,0.20666666666666667,line
1184,-0.625,1.1428571428571428,0.20666666666666667,line
1185,-0.625,1.1428571428571428,0.20666666666666667,line
1186,-0.625,1.1428571428571428,0.20666666666666667,line
1187,-0.625,1.1428571428571428,0.20666666666666667,line
1188,-0.625,1.1428571428571428,0.20666666666666667,line
1189,-0.625,1.1428571428571428,0.20666666666666667,line
1190,-0.625,1.1428571428571428,0.20666666666666667,line
1191,-0.625,1.1428571428571428,0.20666666666666667,line
1192,-0.625,1.1428571428571428,0.20666666666666667,line
1193,-0.625,1.1428571428571428,0.20666666666666667,line
1194,-0.625,1.1428571428571428,0.20666666666666667,line
1195,-0.625,1.1428571428571428,0.20666666666666667,line
1196,-0.625,1.1428571428571428,0.20666666666666667,line
1197,-0.625,1.1428571428571428,0.20666666666666667,line
1198,-0.625,1.1428571428571428,0.20666666666666667,line
1199,-0.625,1.1428571428571428,0.20666666666666667,line
1200,-0.625,1.1428571428571428,0.20666666666666667,line
1201,-0.625,1.1428571428571428,0.20666666666666667,line
1202,-0.625,1.1428571428571428,0.20666666666666667,line
1203,-0.625,1.1428571428571428,0.20666666666666667,line
1204,-0.625,1.1428571428571428,0.20666666666666667,line
1205,-0.625,1.1428571428571428,0.20666666666666667,line
1206,-0.625,1.1428571428571428,0.20666666666666667,line
1207,-0.625,1.1428571428571428,0.20666666666666667,line
1208,-0.625,1.1428571428571428,0.20666666666666667,line
1209,-0.625,1.1428571428571428,0.20666666666666667,line
1210,-0.625,1.1428571428571428,0.20666666666666667,line
1211,-0.625,1.1428571428571428,0.20666666666666667,line
1212,-0.625,1.1428571428571428,0.20666666666666667,line
1213,-0.625,1.1428571428571428,0.20666666666666667,line
1214,-0.625,1.1428571428571428,0.20666666666666667,line
1215,-0.625,1.1428571428571428,0.20666666666666667,line
1216,-0.625,1.1428571428571428,0.20666666666666667,line
1217,-0.625,1.1428571428571428,0.20666666666666667,line
1218,-0.625,1.1428571428571428,0.20666666666666667,line
1219,-0.625,1.1428571428571428,0.20666666666666667,line
1220,-0.625,1.1428571428571428,0.20666666666666667,line
1221,-0.625,1.1428571428571428,0.20666666666666667,line
1222,-0.625,1.1428571428571428,0.20666666666666667,line
1223,-0.625,1.1428571428571428,0.20666666666666667,line
1224,-0.625,1.1428571428571428,0.20666666666666667,line
1225,-0.625,1.1428571428571428,0.20666666666666667,line
1226,-0.625,1.1428571428571428,0.20666666666666667,line
1227,-0.625,1.1428571428571428,0.20666666666666667,line
1228,-0.625,1.1428571428571428,0.20666666666666667,line
1229,-0.625,1.1428571428571428,0.20666666666666667,line
1230,-0.625,1.1428571428571428,0.20666666666666667,line
1231,-0.625,1.1428571428571428,0.20666666666666667,line
1232,-0.625,1.1428571428571428,0.20666666666666667,line
1233,-0.625,1.1428571428571428,0.20666666666666667,line
1234,-0.625,1.1428571428571428,0.20666666666666667,line
1235,-0.625,1.1428571428571428,0.20666666666666667,line
1236,-0.625,1.1428571428571428,0.20666666666666667,line
1237,-0.625,1.1428571428571428,0.20666666666666667,line
1238,-0.625,1.1428571428571428,0.20666666666666667,line
1239,-0.625,1.1428571428571428,0.20666666666666667,line
1240,-0.625,1.1428571428571428,0.20666666666666667,line
1241,-0.625,1.1428571428571428,0.20666666666666667,line
1242,-0.625,1.1428571428571428,0.20666666666666667,line
1243,-0.625,1.1428571428571428,0.20666666666666667,line
1244,-0.625,1.1428571428571428,0.20666666666666667,line
1245,-0.625,1.1428571428571428,0.20666666666666667,drawing
1246,-0.625,1.1428571428571428,0.20666666666666667,drawing
1247,-0.625,1.1428571428571428,0.20666666666666667,drawing
1248,-0.625,1.1428571428571428,0.20666666666666667,drawing
1249,-0.625,1.1428571428571428,0.20666666666666667,drawing
1250,-0.625,1.1428571428571428,0.20666666666666667,drawing
1251,-0.625,1.1428571428571428,0.20666666666666667,drawing
1252,-0.625,1.1428571428571428,0.20666666666666667,drawing
1253,-0.625,1.1428571428571428,0.20666666666666667,drawing
1254,-0.625,1.1428571428571428,0.20666666666666667,drawing
1255,-0.625,1.1428571428571428,0.20666666666666667,drawing
1256,-0.625,1.1428571428571428,0.20666666666666667,drawing
1257,-0.625,1.1428571428571428,0.20666666666666667,drawing
1258,-0.625,1.1428571428571428,0.20666666666666667,drawing
1259,-0.625,1.1428571428571428,0.20666666666666667,drawing
1260,-0.625,1.1428571428571428,0.20666666666666667,drawing
1261,-0.625,1.1428571428571428,0.20666666666666667,drawing
1262,-0.625,1.1428571428571428,0.20666666666666667,drawing
1263,-0.625,1.1428571428571428,0.20666666666666667,drawing
1264,-0.625,1.1428571428571428,0.20666666666666667,line
1265,-0.625,1.1428571428571428,0.20666666666666667,line
1266,-0.625,1.1428571428571428,0.20666666666666667,line
1267,-0.625,1.1428571428571428,0.20666666666666667,line
1268,-0.625,1.1428571428571428,0.20666666666666667,line
1269,-0.625,1.1428571428571428,0.20666666666666667,line
1270,-0.625,1.1428571428571428,0.20666666666666667,line
1271,-0.625,1.1428571428571428,0.20666666666666667,drawing
1272,-0.625,1.1428571428571428,0.20666666666666667,drawing
1273,-0.625,1.1428571428571428,0.20666666666666667,drawing
1274,-0.625,1.1428571428571428,0.20666666666666667,drawing
1275,-0.625,1.1428571428571428,0.20666666666666667,drawing
1276,-0.625,1.1428571428571428,0.20666666666666667,drawing
1277,-0.625,1.1428571428571428,0.20666666666666667,drawing
1278,-0.625,1.1428571428571428,0.20666666666666667,drawing
1279,-0.625,1.1428571428571428,0.20666666666666667,drawing
1280,-0.625,1.1428571428571428,0.20666666666666667,drawing
1281,-0.625,1.1428571428571428,0.20666666666666667,drawing
1282,-0.625,1.1428571428571428,0.20666666666666667,drawing
1283,-0.625,1.1428571428571428,0.20666666666666667,drawing
1284,-0.625,1.1428571428571428,0.20666666666666667,drawing
1285,-0.625,1.1428571428571428,0.20666666666666667,drawing
1286,-0.625,1.1428571428571428,0.20666666666666667,drawing
1287,-0.625,1.1428571428571428,0.20666666666666667,drawing
1288,-0.625,1.1428571428571428,0.20666666666666667,drawing
1289,-0.625,1.1428571428571428,0.20666666666666667,drawing
1290,-0.625,1.1428571428571428,0.20666666666666667,drawing
1291,-0.625,1.1428571428571428,0.20666666666666667,drawing
1292,-0.625,1.1428571428571428,0.20666666666666667,drawing
1293,-0.625,1.1428571428571428,0.20666666666666667,drawing
1294,-0.625,1.1428571428571428,0.20666666666666667,drawing
1295,-0.625,1.1428571428571428,0.20666666666666667,drawing
1296,-0.625,1.1428571428571428,0.20666666666666667,drawing
1297,-0.625,1.1428571428571428,0.20666666666666667,drawing
1298,-0.625,1.1428571428571428,0.20666666666666667,drawing
1299,-0.625,1.1428571428571428,0.20666666666666667,drawing
1300,-0.625,1.1428571428571428,0.20666666666666667,drawing
1301,-0.625,1.1428571428571428,0.20666666666666667,drawing
1302,-0.625,1.1428571428571428,0.20666666666666667,drawing
1303,-0.625,1.1428571428571428,0.20666666666666667,drawing
1304,-0.625,1.1428571428571428,0.20666666666666667,drawing
1305,-0.625,1.1428571428571428,0.20666666666666667,drawing
1306,-0.625,1.1428571428571428,0.20666666666666667,drawing
1307,-0.625,1.1428571428571428,0.20666666666666667,drawing
1308,-0.625,1.1428571428571428,0.20666666666666667,drawing
1309,-0.625,1.1428571428571428,0.20666666666666667,drawing
1310,-0.625,1.1428571428571428,0.20666666666666667,drawing
1311,-0.625,1.1428571428571428,0.20666666666666667,drawing
1312,-0.625,1.1428571428571428,0.20666666666666667,drawing
1313,-0.625,1.1428571428571428,0.20666666666666667,drawing
1314,-0.625,1.1428571428571428,0.20666666666666667,drawing
1315,-0.625,1.1428571428571428,0.20666666666666667,drawing
1316,-0.625,1.1428571428571428,0.20666666666666667,drawing
1317,-0.625,1.1428571428571428,0.20666666666666667,drawing
1318,-0.625,1.1428571428571428,0.20666666666666667,drawing
1319,-0.625,1.1428571428571428,0.20666666666666667,drawing
1320,-0.625,1.1428571428571428,0.20666666666666667,drawing
1321,-0.625,1.1428571428571428,0.20666666666666667,drawing
1322,-0.625,1.1428571428571428,0.20666666666666667,drawing
1323,-0.625,1.1428571428571428,0.20666666666666667,drawing
1324,-0.625,1.1428571428571428,0.20666666666666667,drawing
1325,-0.625,1.1428571428571428,0.20666666666666667,drawing
1326,-0.625,1.1428571428571428,0.20666666666666667,drawing
1327,-0.625,1.1428571428571428,0.20666666666666667,drawing
1328,-0.625,1.1428571428571428,0.20666666666666667,drawing
1329,-0.625,1.1428571428571428,0.20666666666666667,drawing
1330,-0.625,1.1428571428571428,0.20666666666666667,drawing
1331,-0.625,1.1428571428571428,0.20666666666666667,drawing
1332,-0.625,1.1428571428571428,0.20666666666666667,drawing
1333,-0.625,1.1428571428571428,0.20666666666666667,drawing
1334,-0.625,1.1428571428571428,0.20666666666666667,drawing
1335,-0.625,1.1428571428571428,0.20666666666666667,drawing
1336,-0.625,1.1428571428571428,0.20666666666666667,drawing
1337,-0.625,1.1428571428571428,0.20666666666666667,drawing
1338,-0.625,1.1428571428571428,0.20666666666666667,drawing
1339,-0.625,1.1428571428571428,0.20666666666666667,drawing
1340,-0.625,1.1428571428571428,0.20666666666666667,drawing
1341,-0.625,1.1428571428571428,0.20666666666666667,drawing
1342,-0.625,1.1428571428571428,0.20666666666666667,drawing
1343,-0.625,1.1428571428571428,0.20666666666666667,drawing
1344,-0.625,1.1428571428571428,0.20666666666666667,drawing
1345,-0.625,1.1428571428571428,0.20666666666666667,drawing
1346,-0.625,1.1428571428571428,0.20666666666666667,drawing
1347,-0.625,1.1428571428571428,0.20666666666666667,drawing
1348,-0.625,1.1428571428571428,0.20666666666666667,drawing
1349,-0.625,1.1428571428571428,0.20666666666666667,drawing
1350,-0.625,1.1428571428571428,0.20666666666666667,drawing
1351,-0.625,1.1428571428571428,0.20666666666666667,drawing
1352,-0.625,1.1428571428571428,0.20666666666666667,drawing
1353,-0.625,1.1428571428571428,0.20666666666666667,drawing
1354,-0.625,1.1428571428571428,0.20666666666666667,drawing
1355,-0.625,1.1428571428571428,0.20666666666666667,drawing
1356,-0.625,1.1428571428571428,0.20666666666666667,drawing
1357,-0.625,1.1428571428571428,0.20666666666666667,drawing
1358,-0.625,1.1428571428571428,0.20666666666666667,drawing
1359,-0.625,1.1428571428571428,0.20666666666666667,drawing
1360,-0.625,1.1428571428571428,0.20666666666666667,drawing
1361,-0.625,1.1428571428571428,0.20666666666666667,drawing
1362,-0.625,1.1428571428571428,0.20666666666666667,drawing
1363,-0.625,1.1428571428571428,0.20666666666666667,drawing
1364,-0.625,1.1428571428571428,0.20666666666666667,drawing
1365,-0.625,1.1428571428571428,0.20666666666666667,line
1366,-0.625,1.1428571428571428,0.20666666666666667,line
1367,-0.625,1.1428571428571428,0.20666666666666667,line
1368,-0.625,1.1428571428571428,0.20666666666666667,line
1369,-0.625,1.1428571428571428,0.20666666666666667,line
1370,-0.625,1.1428571428571428,0.20666666666666667,line
1371,-0.625,1.1428571428571428,0.20666666666666667,line
1372,-0.625,1.1428571428571428,0.20666666666666667,line
1373,-0.625,1.1428571428571428,0.20666666666666667,line
1374,-0.625,1.1428571428571428,0.20666666666666667,line
1375,-0.625,1.1428571428571428,0.20666666666666667,line
1376,-0.625,1.1428571428571428,0.20666666666666667,line
1377,-0.625,1.1428571428571428,0.20666666666666667,line
1378,-0.625,1.1428571428571428,0.20666666666666667,line
1379,-0.625,1.1428571428571428,0.20666666666666667,line
1380,-0.625,1.1428571428571428,0.20666666666666667,line
1381,-0.625,1.1428571428571428,0.20666666666666667,line
1382,-0.625,1.1428571428571428,0.20666666666666667,line
1383,-0.625,1.1428571428571428,0.20666666666666667,line
1384,-0.625,1.1428571428571428,0.20666666666666667,line
1385,-0.625,1.1428571428571428,0.20666666666666667,line
1386,-0.625,1.1428571428571428,0.20666666666666667,line
1387,-0.625,1.1428571428571428,0.20666666666666667,line
1388,-0.625,1.1428571428571428,0.20666666666666667,line
1389,-0.625,1.1428571428571428,0.20666666666666667,line
1390,-0.625,1.1428571428571428,0.20666666666666667,line
1391,-0.625,1.1428571428571428,0.20666666666666667,line
1392,-0.625,1.1428571428571428,0.20666666666666667,line
1393,-0.625,1.1428571428571428,0.20666666666666667,line
1394,-0.625,1.1428571428571428,0.20666666666666667,line
1395,-0.625,1.1428571428571428,0.20666666666666667,line
1396,-0.625,1.1428571428571428,0.20666666666666667,line
1397,-0.625,1.1428571428571428,0.20666666666666667,line
1398,-0.625,1.1428571428571428,0.20666666666666667,line
1399,-0.625,1.1428571428571428,0.20666666666666667,line
1400,-0.625,1.1428571428571428,0.20666666666666667,line
1401,-0.625,1.1428571428571428,0.20666666666666667,line
1402,-0.625,1.1428571428571428,0.20666666666666667,line
1403,-0.625,1.1428571428571428,0.20666666666666667,line
1404,-0.625,1.1428571428571428,0.20666666666666667,line
1405,-0.625,1.1428571428571428,0.20666666666666667,drawing
1406,-0.625,1.1428571428571428,0.20666666666666667,drawing
1407,-0.625,1.1428571428571428,0.20666666666666667,drawing
1408,-0.625,1.1428571428571428,0.20666666666666667,drawing
1409,-0.625,1.1428571428571428,0.20666666666666667,drawing
1410,-0.625,1.1428571428571428,0.20666666666666667,drawing
1411,-0.625,1.1428571428571428,0.20666666666666667,drawing
1412,-0.625,1.1428571428571428,0.20666666666666667,drawing
1413,-0.625,1.1428571428571428,0.20666666666666667,drawing
1414,-0.625,1.1428571428571428,0.20666666666666667,drawing
1415,-0.625,1.1428571428571428,0.20666666666666667,drawing
1416,-0.625,1.1428571428571428,0.20666666666666667,drawing
1417,-0.625,1.1428571428571428,0.20666666666666667,drawing
1418,-0.625,1.1428571428571428,0.20666666666666667,drawing
1419,-0.625,1.1428571428571428,0.20666666666666667,drawing
1420,-0.625,1.1428571428571428,0.20666666666666667,drawing
1421,-0.625,1.1428571428571428,0.20666666666666667,drawing
1422,-0.625,1.1428571428571428,0.20666666666666667,drawing
1423,-0.625,1.1428571428571428,0.20666666666666667,drawing
1424,-0.625,1.1428571428571428,0.20666666666666667,drawing
1425,-0.625,1.1428571428571428,0.20666666666666667,drawing
1426,-0.625,1.1428571428571428,0.20666666666666667,drawing
1427,-0.625,1.1428571428571428,0.20666666666666667,drawing
1428,-0.625,1.1428571428571428,0.20666666666666667,drawing
1429,-0.625,1.1428571428571428,0.20666666666666667,drawing
1430,-0.625,1.1428571428571428,0.20666666666666667,drawing
1431,-0.625,1.1428571428571428,0.20666666666666667,drawing
1432,-0.625,1.1428571428571428,0.20666666666666667,drawing
1433,-0.625,1.1428571428571428,0.20666666666666667,drawing
1434,-0.625,1.1428571428571428,0.20666666666666667,drawing
1435,-0.625,1.1428571428571428,0.20666666666666667,drawing
1436,-0.625,1.1428571428571428,0.20666666666666667,drawing
1437,-0.625,1.1428571428571428,0.20666666666666667,drawing
1438,-0.625,1.1428571428571428,0.20666666666666667,drawing
1439,-0.625,1.1428571428571428,0.20666666666666667,drawing
1440,-0.625,1.1428571428571428,0.20666666666666667,drawing
1441,-0.625,1.1428571428571428,0.20666666666666667,drawing
1442,-0.625,1.1428571428571428,0.20666666666666667,drawing
1443,-0.625,1.1428571428571428,0.20666666666666667,drawing
1444,-0.625,1.1428571428571428,0.20666666666666667,drawing
1445,-0.625,1.1428571428571428,0.20666666666666667,drawing
1446,-0.625,1.1428571428571428,0.20666666666666667,drawing
1447,-0.625,1.1428571428571428,0.20666666666666667,drawing
1448,-0.625,1.1428571428571428,0.20666666666666667,drawing
1449,-0.625,1.1428571428571428,0.20666666666666667,drawing
1450,-0.625,1.1428571428571428,0.20666666666666667,drawing
1451,-0.625,1.1428571428571428,0.20666666666666667,drawing
1452,-0.625,1.1428571428571428,0.20666666666666667,drawing
1453,-0.625,1.1428571428571428,0.20666666666666667,drawing
1454,-0.625,1.1428571428571428,0.20666666666666667,drawing
1455,-0.625,1.1428571428571428,0.20666666666666667,drawing
1456,-0.625,1.1428571428571428,0.20666666666666667,drawing
1457,-0.625,1.1428571428571428,0.20666666666666667,drawing
1458,-0.625,1.1428571428571428,0.20666666666666667,drawing
1459,-0.625,1.1428571428571428,0.20666666666666667,drawing
1460,-0.625,1.1428571428571428,0.20666666666666667,drawing
1461,-0.625,1.1428571428571428,0.20666666666666667,drawing
1462,-0.625,1.1428571428571428,0.20666666666666667,drawing
1463,-0.625,1.1428571428571428,0.20666666666666667,drawing
1464,-0.625,1.1428571428571428,0.20666666666666667,drawing
1465,-0.625,1.1428571428571428,0.20666666666666667,drawing
1466,-0.625,1.1428571428571428,0.20666666666666667,drawing
1467,-0.625,1.1428571428571428,0.20666666666666667,drawing
1468,-0.625,1.1428571428571428,0.20666666666666667,drawing
1469,-0.625,1.1428571428571428,0.20666666666666667,drawing
1470,-0.625,1.1428571428571428,0.20666666666666667,drawing
1471,-0.625,1.1428571428571428,0.20666666666666667,drawing
1472,-0.625,1.1428571428571428,0.20666666666666667,drawing
1473,-0.625,1.1428571428571428,0.20666666666666667,drawing
1474,-0.625,1.1428571428571428,0.20666666666666667,line
1475,-0.625,1.1428571428571428,0.20666666666666667,line
1476,-0.625,1.1428571428571428,0.20666666666666667,line
1477,-0.625,1.1428571428571428,0.20666666666666667,line
1478,-0.625,1.1428571428571428,0.20666666666666667,line
1479,-0.625,1.1428571428571428,0.20666666666666667,line
1480,-0.625,1.1428571428571428,0.20666666666666667,line
1481,-0.625,1.1428571428571428,0.20666666666666667,line
1482,-0.625,1.1428571428571428,0.20666666666666667,line
1483,-0.625,1.1428571428571428,0.20666666666666667,line
1484,-0.625,1.1428571428571428,0.20666666666666667,line
1485,-0.625,1.1428571428571428,0.20666666666666667,line
1486,-0.625,1.1428571428571428,0.20666666666666667,drawing
1487,-0.625,1.1428571428571428,0.20666666666666667,drawing
1488,-0.625,1.1428571428571428,0.20666666666666667,drawing
1489,-0.625,1.1428571428571428,0.20666666666666667,drawing
1490,-0.625,1.1428571428571428,0.20666666666666667,drawing
1491,-0.625,1.1428571428571428,0.20666666666666667,drawing
1492,-0.625,1.1428571428571428,0.20666666666666667,line
1493,-0.625,1.1428571428571428,0.20666666666666667,line
1494,-0.625,1.1428571428571428,0.20666666666666667,line
1495,-0.625,1.1428571428571428,0.20666666666666667,line
1496,-0.625,1.1428571428571428,0.20666666666666667,line
1497,-0.625,1.1428571428571428,0.20666666666666667,line
1498,-0.625,1.1428571428571428,0.20666666666666667,line
1499,-0.625,1.1428571428571428,0.20666666666666667,line
1500,-0.625,1.1428571428571428,0.20666666666666667,line
1501,-0.625,1.1428571428571428,0.20666666666666667,line
1502,-0.625,1.1428571428571428,0.20666666666666667,line
1503,-0.625,1.1428571428571428,0.20666666666666667,line
1504,-0.625,1.1428571428571428,0.20666666666666667,line
1505,-0.625,1.1428571428571428,0.20666666666666667,line
1506,-0.625,1.1428571428571428,0.20666666666666667,line
1507,-0.625,1.1428571428571428,0.20666666666666667,line
1508,-0.625,1.1428571428571428,0.20666666666666667,line
1509,-0.625,1.1428571428571428,0.20666666666666667,line
1510,-0.625,1.1428571428571428,0.20666666666666667,line
1511,-0.625,1.1428571428571428,0.20666666666666667,line
1512,-0.625,1.1428571428571428,0.20666666666666667,line
1513,-0.625,1.1428571428571428,0.20666666666666667,line
1514,-0.625,1.1428571428571428,0.20666666666666667,line
1515,-0.625,1.1428571428571428,0.20666666666666667,line
1516,-0.625,1.1428571428571428,0.20666666666666667,line
1517,-0.625,1.1428571428571428,0.20666666666666667,line
1518,-0.625,1.1428571428571428,0.20666666666666667,line
1519,-0.625,1.1428571428571428,0.20666666666666667,line
1520,-0.625,1.1428571428571428,0.20666666666666667,line
1521,-0.625,1.1428571428571428,0.20666666666666667,line
1522,-0.625,1.1428571428571428,0.20666666666666667,line
1523,-0.625,1.1428571428571428,0.20666666666666667,line
1524,-0.625,1.1428571428571428,0.20666666666666667,line
1525,-0.625,1.1428571428571428,0.20666666666666667,line
1526,-0.625,1.1428571428571428,0.20666666666666667,line
1527,-0.625,1.1428571428571428,0.20666666666666667,line
1528,-0.625,1.1428571428571428,0.20666666666666667,line
1529,-0.625,1.1428571428571428,0.20666666666666667,line
1530,-0.625,1.1428571428571428,0.20666666666666667,line
1531,-0.625,1.1428571428571428,0.20666666666666667,line
1532,-0.625,1.1428571428571428,0.20666666666666667,line
1533,-0.625,1.1428571428571428,0.20666666666666667,line
1534,-0.625,1.1428571428571428,0.20666666666666667,line
1535,-0.625,1.1428571428571428,0.20666666666666667,line
1536,-0.625,1.1428571428571428,0.20666666666666667,line
1537,-0.625,1.1428571428571428,0.20666666666666667,line
1538,-0.625,1.1428571428571428,0.20666666666666667,line
1539,-0.625,1.1428571428571428,0.20666666666666667,line
1540,-0.625,1.1428571428571428,0.20666666666666667,line
1541,-0.625,1.1428571428571428,0.20666666666666667,line
1542,-0.625,1.1428571428571428,0.20666666666666667,line
1543,-0.625,1.1428571428571428,0.20666666666666667,line
1544,-0.625,1.1428571428571428,0.20666666666666667,line
1545,-0.625,1.1428571428571428,0.20666666666666667,line
1546,-0.625,1.1428571428571428,0.20666666666666667,line
1547,-0.625,1.1428571428571428,0.20666666666666667,line
1548,-0.625,1.1428571428571428,0.20666666666666667,line
1549,-0.625,1.1428571428571428,0.20666666666666667,line
1550,-0.625,1.1428571428571428,0.20666666666666667,line
1551,-0.625,1.1428571428571428,0.20666666666666667,line
1552,-0.625,1.1428571428571428,0.20666666666666667,line
1553,-0.625,1.1428571428571428,0.20666666666666667,line
1554,-0.625,1.1428571428571428,0.20666666666666667,line
1555,-0.625,1.1428571428571428,0.20666666666666667,line
1556,-0.625,1.1428571428571428,0.20666666666666667,line
1557,-0.625,1.1428571428571428,0.20666666666666667,line
1558,-0.625,1.1428571428571428,0.20666666666666667,line
1559,-0.625,1.1428571428571428,0.20666666666666667,line
1560,-0.625,1.1428571428571428,0.20666666666666667,line
1561,-0.625,1.1428571428571428,0.20666666666666667,line
1562,-0.625,1.1428571428571428,0.20666666666666667,line
1563,-0.625,1.1428571428571428,0.20666666666666667,line
1564,-0.625,1.1428571428571428,0.20666666666666667,line
1565,-0.625,1.1428571428571428,0.20666666666666667,line
1566,-0.625,1.1428571428571428,0.20666666666666667,line
1567,-0.625,1.1428571428571428,0.20666666666666667,line
1568,-0.625,1.1428571428571428,0.20666666666666667,line
1569,-0.625,1.1428571428571428,0.20666666666666667,line
1570,-0.625,1.1428571428571428,0.20666666666666667,line
1571,-0.625,1.1428571428571428,0.20666666666666667,line
1572,-0.625,1.1428571428571428,0.20666666666666667,line
1573,-0.625,1.1428571428571428,0.20666666666666667,line
1574,-0.625,1.1428571428571428,0.20666666666666667,line
1575,-0.625,1.1428571428571428,0.20666666666666667,line
1576,-0.625,1.1428571428571428,0.20666666666666667,line
1577,-0.625,1.1428571428571428,0.20666666666666667,line
1578,-0.625,1.1428571428571428,0.20666666666666667,line
1579,-0.625,1.1428571428571428,0.20666666666666667,line
1580,-0.625,1.1428571428571428,0.20666666666666667,line
1581,-0.625,1.1428571428571428,0.20666666666666667,line
1582,-0.625,1.1428571428571428,0.20666666666666667,line
1583,-0.625,1.1428571428571428,0.20666666666666667,line
1584,-0.625,1.1428571428571428,0.20666666666666667,line
1585,-0.625,1.1428571428571428,0.20666666666666667,line
1586,-0.625,1.1428571428571428,0.20666666666666667,line
1587,-0.625,1.1428571428571428,0.20666666666666667,line
1588,-0.625,1.1428571428571428,0.20666666666666667,line
1589,-0.625,1.1428571428571428,0.20666666666666667,line
1590,-0.625,1.1428571428571428,0.20666666666666667,line
1591,-0.625,1.1428571428571428,0.20666666666666667,line
1592,-0.625,1.1428571428571428,0.20666666666666667,line
1593,-0.625,1.1428571428571428,0.20666666666666667,line
1594,-0.625,1.1428571428571428,0.20666666666666667,line
1595,-0.625,1.1428571428571428,0.20666666666666667,line
1596,-0.625,1.1428571428571428,0.20666666666666667,line
1597,-0.625,1.1428571428571428,0.20666666666666667,line
1598,-0.625,1.1428571428571428,0.20666666666666667,line
1599,-0.625,1.1428571428571428,0.20666666666666667,line
1600,-0.625,1.1428571428571428,0.20666666666666667,line
1601,-0.625,1.1428571428571428,0.20666666666666667,line
1602,-0.625,1.1428571428571428,0.20666666666666667,line
1603,-0.625,1.1428571428571428,0.20666666666666667,line
1604,-0.625,1.1428571428571428,0.20666666666666667,line
1605,-0.625,1.1428571428571428,0.20666666666666667,line
1606,-0.625,1.1428571428571428,0.20666666666666667,line
1607,-0.625,1.1428571428571428,0.20666666666666667,line
1608,-0.625,1.1428571428571428,0.20666666666666667,line
1609,-0.625,1.1428571428571428,0.20666666666666667,line
1610,-0.625,1.1428571428571428,0.20666666666666667,line
1611,-0.625,1.1428571428571428,0.20666666666666667,line
1612,-0.625,1.1428571428571428,0.20666666666666667,line
1613,-0.625,1.1428571428571428,0.20666666666666667,line
1614,-0.625,1.1428571428571428,0.20666666666666667,line
1615,-0.625,1.1428571428571428,0.20666666666666667,line
1616,-0.625,1.1428571428571428,0.20666666666666667,line
1617,-0.625,1.1428571428571428,0.20666666666666667,line
1618,-0.625,1.1428571428571428,0.20666666666666667,line
1619,-0.625,1.1428571428571428,0.20666666666666667,line
1620,-0.625,1.1428571428571428,0.20666666666666667,line
1621,-0.625,1.1428571428571428,0.20666666666666667,line
1622,-0.625,1.1428571428571428,0.20666666666666667,line
1623,-0.625,1.1428571428571428,0.20666666666666667,line
1624,-0.625,1.1428571428571428,0.20666666666666667,line
1625,-0.625,1.1428571428571428,0.20666666666666667,line
1626,-0.625,1.1428571428571428,0.20666666666666667,line
1627,-0.625,1.1428571428571428,0.20666666666666667,line
1628,-0.625,1.1428571428571428,0.20666666666666667,line
1629,-0.625,1.1428571428571428,0.20666666666666667,line
1630,-0.625,1.1428571428571428,0.20666666666666667,line
1631,-0.625,1.1428571428571428,0.20666666666666667,line
1632,-0.625,1.1428571428571428,0.20666666666666667,line
1633,-0.625,1.1428571428571428,0.20666666666666667,line
1634,-0.625,1.1428571428571428,0.20666666666666667,line
1635,-0.625,1.1428571428571428,0.20666666666666667,line
1636,-0.625,1.1428571428571428,0.20666666666666667,line
1637,-0.625,1.1428571428571428,0.20666666666666667,line
1638,-0.625,1.1428571428571428,0.20666666666666667,line
1639,-0.625,1.1428571428571428,0.20666666666666667,line
1640,-0.625,1.1428571428571428,0.20666666666666667,line
1641,-0.625,1.1428571428571428,0.20666666666666667,line
1642,-0.625,1.1428571428571428,0.20666666666666667,line
1643,-0.625,1.1428571428571428,0.20666666666666667,line
1644,-0.625,1.1428571428571428,0.20666666666666667,line
1645,-0.625,1.1428571428571428,0.20666666666666667,line
